--
-- PostgreSQL database dump
--

-- Dumped from database version 13.3 (Debian 13.3-1.pgdg100+1)
-- Dumped by pg_dump version 16.2

SET statement_timeout = 0;
SET lock_timeout = 0;
SET idle_in_transaction_session_timeout = 0;
SET client_encoding = 'UTF8';
SET standard_conforming_strings = on;
SELECT pg_catalog.set_config('search_path', '', false);
SET check_function_bodies = false;
SET xmloption = content;
SET client_min_messages = warning;
SET row_security = off;

--
-- Name: public; Type: SCHEMA; Schema: -; Owner: user123
--

-- *not* creating schema, since initdb creates it


ALTER SCHEMA public OWNER TO user123;

SET default_tablespace = '';

SET default_table_access_method = heap;

--
-- Name: auth_group; Type: TABLE; Schema: public; Owner: user123
--

CREATE TABLE public.auth_group (
    id integer NOT NULL,
    name character varying(150) NOT NULL
);


ALTER TABLE public.auth_group OWNER TO user123;

--
-- Name: auth_group_id_seq; Type: SEQUENCE; Schema: public; Owner: user123
--

ALTER TABLE public.auth_group ALTER COLUMN id ADD GENERATED BY DEFAULT AS IDENTITY (
    SEQUENCE NAME public.auth_group_id_seq
    START WITH 1
    INCREMENT BY 1
    NO MINVALUE
    NO MAXVALUE
    CACHE 1
);


--
-- Name: auth_group_permissions; Type: TABLE; Schema: public; Owner: user123
--

CREATE TABLE public.auth_group_permissions (
    id bigint NOT NULL,
    group_id integer NOT NULL,
    permission_id integer NOT NULL
);


ALTER TABLE public.auth_group_permissions OWNER TO user123;

--
-- Name: auth_group_permissions_id_seq; Type: SEQUENCE; Schema: public; Owner: user123
--

ALTER TABLE public.auth_group_permissions ALTER COLUMN id ADD GENERATED BY DEFAULT AS IDENTITY (
    SEQUENCE NAME public.auth_group_permissions_id_seq
    START WITH 1
    INCREMENT BY 1
    NO MINVALUE
    NO MAXVALUE
    CACHE 1
);


--
-- Name: auth_permission; Type: TABLE; Schema: public; Owner: user123
--

CREATE TABLE public.auth_permission (
    id integer NOT NULL,
    name character varying(255) NOT NULL,
    content_type_id integer NOT NULL,
    codename character varying(100) NOT NULL
);


ALTER TABLE public.auth_permission OWNER TO user123;

--
-- Name: auth_permission_id_seq; Type: SEQUENCE; Schema: public; Owner: user123
--

ALTER TABLE public.auth_permission ALTER COLUMN id ADD GENERATED BY DEFAULT AS IDENTITY (
    SEQUENCE NAME public.auth_permission_id_seq
    START WITH 1
    INCREMENT BY 1
    NO MINVALUE
    NO MAXVALUE
    CACHE 1
);


--
-- Name: auth_user; Type: TABLE; Schema: public; Owner: user123
--

CREATE TABLE public.auth_user (
    id integer NOT NULL,
    password character varying(128) NOT NULL,
    last_login timestamp with time zone,
    is_superuser boolean NOT NULL,
    username character varying(150) NOT NULL,
    first_name character varying(150) NOT NULL,
    last_name character varying(150) NOT NULL,
    email character varying(254) NOT NULL,
    is_staff boolean NOT NULL,
    is_active boolean NOT NULL,
    date_joined timestamp with time zone NOT NULL
);


ALTER TABLE public.auth_user OWNER TO user123;

--
-- Name: auth_user_groups; Type: TABLE; Schema: public; Owner: user123
--

CREATE TABLE public.auth_user_groups (
    id bigint NOT NULL,
    user_id integer NOT NULL,
    group_id integer NOT NULL
);


ALTER TABLE public.auth_user_groups OWNER TO user123;

--
-- Name: auth_user_groups_id_seq; Type: SEQUENCE; Schema: public; Owner: user123
--

ALTER TABLE public.auth_user_groups ALTER COLUMN id ADD GENERATED BY DEFAULT AS IDENTITY (
    SEQUENCE NAME public.auth_user_groups_id_seq
    START WITH 1
    INCREMENT BY 1
    NO MINVALUE
    NO MAXVALUE
    CACHE 1
);


--
-- Name: auth_user_id_seq; Type: SEQUENCE; Schema: public; Owner: user123
--

ALTER TABLE public.auth_user ALTER COLUMN id ADD GENERATED BY DEFAULT AS IDENTITY (
    SEQUENCE NAME public.auth_user_id_seq
    START WITH 1
    INCREMENT BY 1
    NO MINVALUE
    NO MAXVALUE
    CACHE 1
);


--
-- Name: auth_user_user_permissions; Type: TABLE; Schema: public; Owner: user123
--

CREATE TABLE public.auth_user_user_permissions (
    id bigint NOT NULL,
    user_id integer NOT NULL,
    permission_id integer NOT NULL
);


ALTER TABLE public.auth_user_user_permissions OWNER TO user123;

--
-- Name: auth_user_user_permissions_id_seq; Type: SEQUENCE; Schema: public; Owner: user123
--

ALTER TABLE public.auth_user_user_permissions ALTER COLUMN id ADD GENERATED BY DEFAULT AS IDENTITY (
    SEQUENCE NAME public.auth_user_user_permissions_id_seq
    START WITH 1
    INCREMENT BY 1
    NO MINVALUE
    NO MAXVALUE
    CACHE 1
);


--
-- Name: django_admin_log; Type: TABLE; Schema: public; Owner: user123
--

CREATE TABLE public.django_admin_log (
    id integer NOT NULL,
    action_time timestamp with time zone NOT NULL,
    object_id text,
    object_repr character varying(200) NOT NULL,
    action_flag smallint NOT NULL,
    change_message text NOT NULL,
    content_type_id integer,
    user_id integer NOT NULL,
    CONSTRAINT django_admin_log_action_flag_check CHECK ((action_flag >= 0))
);


ALTER TABLE public.django_admin_log OWNER TO user123;

--
-- Name: django_admin_log_id_seq; Type: SEQUENCE; Schema: public; Owner: user123
--

ALTER TABLE public.django_admin_log ALTER COLUMN id ADD GENERATED BY DEFAULT AS IDENTITY (
    SEQUENCE NAME public.django_admin_log_id_seq
    START WITH 1
    INCREMENT BY 1
    NO MINVALUE
    NO MAXVALUE
    CACHE 1
);


--
-- Name: django_content_type; Type: TABLE; Schema: public; Owner: user123
--

CREATE TABLE public.django_content_type (
    id integer NOT NULL,
    app_label character varying(100) NOT NULL,
    model character varying(100) NOT NULL
);


ALTER TABLE public.django_content_type OWNER TO user123;

--
-- Name: django_content_type_id_seq; Type: SEQUENCE; Schema: public; Owner: user123
--

ALTER TABLE public.django_content_type ALTER COLUMN id ADD GENERATED BY DEFAULT AS IDENTITY (
    SEQUENCE NAME public.django_content_type_id_seq
    START WITH 1
    INCREMENT BY 1
    NO MINVALUE
    NO MAXVALUE
    CACHE 1
);


--
-- Name: django_migrations; Type: TABLE; Schema: public; Owner: user123
--

CREATE TABLE public.django_migrations (
    id bigint NOT NULL,
    app character varying(255) NOT NULL,
    name character varying(255) NOT NULL,
    applied timestamp with time zone NOT NULL
);


ALTER TABLE public.django_migrations OWNER TO user123;

--
-- Name: django_migrations_id_seq; Type: SEQUENCE; Schema: public; Owner: user123
--

ALTER TABLE public.django_migrations ALTER COLUMN id ADD GENERATED BY DEFAULT AS IDENTITY (
    SEQUENCE NAME public.django_migrations_id_seq
    START WITH 1
    INCREMENT BY 1
    NO MINVALUE
    NO MAXVALUE
    CACHE 1
);


--
-- Name: django_session; Type: TABLE; Schema: public; Owner: user123
--

CREATE TABLE public.django_session (
    session_key character varying(40) NOT NULL,
    session_data text NOT NULL,
    expire_date timestamp with time zone NOT NULL
);


ALTER TABLE public.django_session OWNER TO user123;

--
-- Name: lab1_app_assembly; Type: TABLE; Schema: public; Owner: user123
--

CREATE TABLE public.lab1_app_assembly (
    id integer NOT NULL,
    "dateCreated" date NOT NULL,
    status character varying NOT NULL,
    "dateModerated" date,
    "dateSaved" date,
    "satelliteName" character varying(150),
    "flyDate" date,
    creator_id integer NOT NULL,
    moder_id integer
);


ALTER TABLE public.lab1_app_assembly OWNER TO user123;

--
-- Name: lab1_app_component; Type: TABLE; Schema: public; Owner: user123
--

ALTER TABLE public.lab1_app_assembly ALTER COLUMN id ADD GENERATED BY DEFAULT AS IDENTITY (
    SEQUENCE NAME public.lab1_app_assembly_id_seq
    START WITH 1
    INCREMENT BY 1
    NO MINVALUE
    NO MAXVALUE
    CACHE 1
);

CREATE TABLE public.lab1_app_component (
    id integer NOT NULL,
    title character varying(200) NOT NULL,
    "shortDescription" text NOT NULL,
    description text NOT NULL,
    price integer NOT NULL,
    "imgSrc" character varying(100)
);


ALTER TABLE public.lab1_app_component OWNER TO user123;

--
-- Name: lab1_app_mm; Type: TABLE; Schema: public; Owner: user123
--

ALTER TABLE public.lab1_app_component ALTER COLUMN id ADD GENERATED BY DEFAULT AS IDENTITY (
    SEQUENCE NAME public.lab1_app_component_id_seq
    START WITH 1
    INCREMENT BY 1
    NO MINVALUE
    NO MAXVALUE
    CACHE 1
);

CREATE TABLE public.lab1_app_mm (
    id integer NOT NULL,
    count integer,
    "idAssembly_id" integer NOT NULL,
    "idComp_id" integer NOT NULL
);


ALTER TABLE public.lab1_app_mm OWNER TO user123;

--
-- Data for Name: auth_group; Type: TABLE DATA; Schema: public; Owner: user123
--

ALTER TABLE public.lab1_app_mm ALTER COLUMN id ADD GENERATED BY DEFAULT AS IDENTITY (
    SEQUENCE NAME public.lab1_app_mm_id_seq
    START WITH 1
    INCREMENT BY 1
    NO MINVALUE
    NO MAXVALUE
    CACHE 1
);

COPY public.auth_group (id, name) FROM stdin;
\.


--
-- Data for Name: auth_group_permissions; Type: TABLE DATA; Schema: public; Owner: user123
--

COPY public.auth_group_permissions (id, group_id, permission_id) FROM stdin;
\.


--
-- Data for Name: auth_permission; Type: TABLE DATA; Schema: public; Owner: user123
--

COPY public.auth_permission (id, name, content_type_id, codename) FROM stdin;
1	Can add log entry	1	add_logentry
2	Can change log entry	1	change_logentry
3	Can delete log entry	1	delete_logentry
4	Can view log entry	1	view_logentry
5	Can add permission	2	add_permission
6	Can change permission	2	change_permission
7	Can delete permission	2	delete_permission
8	Can view permission	2	view_permission
9	Can add group	3	add_group
10	Can change group	3	change_group
11	Can delete group	3	delete_group
12	Can view group	3	view_group
13	Can add user	4	add_user
14	Can change user	4	change_user
15	Can delete user	4	delete_user
16	Can view user	4	view_user
17	Can add content type	5	add_contenttype
18	Can change content type	5	change_contenttype
19	Can delete content type	5	delete_contenttype
20	Can view content type	5	view_contenttype
21	Can add session	6	add_session
22	Can change session	6	change_session
23	Can delete session	6	delete_session
24	Can view session	6	view_session
25	Can add component	7	add_component
26	Can change component	7	change_component
27	Can delete component	7	delete_component
28	Can view component	7	view_component
29	Can add assembly	8	add_assembly
30	Can change assembly	8	change_assembly
31	Can delete assembly	8	delete_assembly
32	Can view assembly	8	view_assembly
33	Can add mm	9	add_mm
34	Can change mm	9	change_mm
35	Can delete mm	9	delete_mm
36	Can view mm	9	view_mm
\.


--
-- Data for Name: auth_user; Type: TABLE DATA; Schema: public; Owner: user123
--

COPY public.auth_user (id, password, last_login, is_superuser, username, first_name, last_name, email, is_staff, is_active, date_joined) FROM stdin;
1	pbkdf2_sha256$870000$dRIWkfir1Hogk6lCJy8FA8$Zv215pxQIpo9+jwYzqEHfoTKGG0KEu/KbTlqUSMvMk4=	2024-11-18 18:20:26.024225+00	t	Dim				t	t	2024-11-04 04:49:24.790669+00
\.


--
-- Data for Name: auth_user_groups; Type: TABLE DATA; Schema: public; Owner: user123
--

COPY public.auth_user_groups (id, user_id, group_id) FROM stdin;
\.


--
-- Data for Name: auth_user_user_permissions; Type: TABLE DATA; Schema: public; Owner: user123
--

COPY public.auth_user_user_permissions (id, user_id, permission_id) FROM stdin;
\.


--
-- Data for Name: django_admin_log; Type: TABLE DATA; Schema: public; Owner: user123
--

COPY public.django_admin_log (id, action_time, object_id, object_repr, action_flag, change_message, content_type_id, user_id) FROM stdin;
1	2024-11-04 06:07:58.066819+00	1	Assembly object (1)	1	[{"added": {}}]	8	1
3	2024-11-04 06:09:50.025879+00	1	MM object (1)	1	[{"added": {}}]	9	1
4	2024-11-04 06:10:07.287161+00	2	MM object (2)	1	[{"added": {}}]	9	1
5	2024-11-18 18:24:33.170053+00	1	Component object (1)	2	[{"changed": {"fields": ["Title", "ShortDescription", "Description"]}}]	7	1
6	2024-11-18 18:26:09.794281+00	2	Component object (2)	2	[{"changed": {"fields": ["Title", "ShortDescription", "Description"]}}]	7	1
7	2024-11-18 18:27:28.562962+00	3	Component object (3)	2	[{"changed": {"fields": ["Title", "ShortDescription", "Description"]}}]	7	1
8	2024-11-18 18:30:11.074776+00	4	Component object (4)	2	[{"changed": {"fields": ["Title", "ShortDescription", "Description"]}}]	7	1
9	2024-11-18 18:31:08.240138+00	5	Component object (5)	2	[{"changed": {"fields": ["Title", "ShortDescription", "Description"]}}]	7	1
10	2024-11-18 18:31:59.325792+00	6	Component object (6)	2	[{"changed": {"fields": ["Title", "ShortDescription", "Description"]}}]	7	1
11	2024-11-18 18:33:40.54013+00	1	Assembly object (1)	2	[{"changed": {"fields": ["DateModerated", "DateSaved", "SatelliteName", "FlyDate"]}}]	8	1
12	2024-11-18 18:34:23.755633+00	1	Assembly object (1)	2	[{"changed": {"fields": ["FlyDate"]}}]	8	1
13	2024-11-27 00:19:55.044766+00	1	MM object (1)	2	[]	9	1
\.


--
-- Data for Name: django_content_type; Type: TABLE DATA; Schema: public; Owner: user123
--

COPY public.django_content_type (id, app_label, model) FROM stdin;
1	admin	logentry
2	auth	permission
3	auth	group
4	auth	user
5	contenttypes	contenttype
6	sessions	session
7	lab1_app	component
8	lab1_app	assembly
9	lab1_app	mm
\.


--
-- Data for Name: django_migrations; Type: TABLE DATA; Schema: public; Owner: user123
--

COPY public.django_migrations (id, app, name, applied) FROM stdin;
1	contenttypes	0001_initial	2024-11-04 04:25:40.449901+00
2	auth	0001_initial	2024-11-04 04:25:40.89081+00
3	admin	0001_initial	2024-11-04 04:25:41.02174+00
4	admin	0002_logentry_remove_auto_add	2024-11-04 04:25:41.046845+00
5	admin	0003_logentry_add_action_flag_choices	2024-11-04 04:25:41.140941+00
6	contenttypes	0002_remove_content_type_name	2024-11-04 04:25:41.336755+00
7	auth	0002_alter_permission_name_max_length	2024-11-04 04:25:41.420259+00
8	auth	0003_alter_user_email_max_length	2024-11-04 04:25:41.461575+00
9	auth	0004_alter_user_username_opts	2024-11-04 04:25:41.494372+00
10	auth	0005_alter_user_last_login_null	2024-11-04 04:25:41.553285+00
11	auth	0006_require_contenttypes_0002	2024-11-04 04:25:41.599181+00
12	auth	0007_alter_validators_add_error_messages	2024-11-04 04:25:41.648983+00
13	auth	0008_alter_user_username_max_length	2024-11-04 04:25:41.8518+00
14	auth	0009_alter_user_last_name_max_length	2024-11-04 04:25:41.903768+00
15	auth	0010_alter_group_name_max_length	2024-11-04 04:25:42.003711+00
16	auth	0011_update_proxy_permissions	2024-11-04 04:25:42.038888+00
17	auth	0012_alter_user_first_name_max_length	2024-11-04 04:25:42.091863+00
18	lab1_app	0001_initial	2024-11-04 04:25:42.514879+00
19	sessions	0001_initial	2024-11-04 04:25:42.705227+00
20	lab1_app	0002_alter_assembly_datemoderated_and_more	2024-11-04 06:03:20.333098+00
\.


--
-- Data for Name: django_session; Type: TABLE DATA; Schema: public; Owner: user123
--

COPY public.django_session (session_key, session_data, expire_date) FROM stdin;
xdwp4ol6pjg3lnis6l75oknu2gb4u2ja	.eJxVjEEOwiAQRe_C2hAYIBSX7j0DmQ4zUjU0Ke3KeHdt0oVu_3vvv1TGba1567zkqaizsur0u41ID247KHdst1nT3NZlGvWu6IN2fZ0LPy-H-3dQsddvTcwEEQw6kyAYa6EkQyY6JwVMQCHPkQMiyuCIAnhIwYoXkWKH6NX7A92VN-w:1t7p5X:-_BK2lXBo_m1xFN4v7EErEIwAWBowX-sVvEFO5iduBU	2024-11-18 04:53:15.819398+00
y5ztdpus7spbtcmq2b9850qpp7zrdgz3	.eJxVjEEOwiAQRe_C2hAYIBSX7j0DmQ4zUjU0Ke3KeHdt0oVu_3vvv1TGba1567zkqaizsur0u41ID247KHdst1nT3NZlGvWu6IN2fZ0LPy-H-3dQsddvTcwEEQw6kyAYa6EkQyY6JwVMQCHPkQMiyuCIAnhIwYoXkWKH6NX7A92VN-w:1tD6MM:2mTgrIxBYBew7XB0sbRwvhUyOuwXGjJJdqCR7Rzh47w	2024-12-02 18:20:26.043656+00
\.


--
-- Data for Name: lab1_app_assembly; Type: TABLE DATA; Schema: public; Owner: user123
--

COPY public.lab1_app_assembly (id, "dateCreated", status, "dateModerated", "dateSaved", "satelliteName", "flyDate", creator_id, moder_id) FROM stdin;
1	2024-11-04	draft	2024-11-18	2024-11-18	Markus I	2000-01-01	1	1
\.


--
-- Data for Name: lab1_app_component; Type: TABLE DATA; Schema: public; Owner: user123
--

COPY public.lab1_app_component (id, title, "shortDescription", description, price, "imgSrc") FROM stdin;
3	Блок управления и распределения мощности STARBUCK-NANO	Надёжная и безотказная система питания.	Благодаря своей универсальной конструкции и беспрецедентному опыту работы на орбите мы гордимся стабильным высоким качеством наших подсистем, в том числе CubeSat EPS (системы электропитания). Линейка STARBUCK была разработана с учётом обширных системных знаний и опыта, накопленного в ходе многих миссий, а это значит, что почти наверняка найдётся система, которая удовлетворит ваши потребности. Платы STARBUCK-PICO и STARBUCK-NANO CubeSat EPS специально разработаны для удовлетворения требований к объёму и мощности, которые обычно требуются для миссий CubeSat размером от 1U до 16U (хотя многие наши клиенты используют STARBUCK-NANO-PLUS и для более крупных малых спутников).	400000	http://127.0.0.1:9000/lab1/3.jpg
5	Солнечные батареи CubeSat PHOTON	Максимальная выработка энергии и простота интеграции.	Солнечные панели AAC Clyde Space PHOTON предназначены для максимальной выработки электроэнергии и простоты платформы интеграция. Панели используются в наших собственных миссиях. Солнечные панели PHOTON, доступные в различных конфигурациях, совместимы с конструкциями AAC Clyde Space ZAPHOD. Боковые солнечные панели предназначены для установки на боковые панели наших конструкций CubeSat, чтобы обеспечить оптимизированную выработку энергии с любой стороны спутника. Мы используем новейшие производственные технологии для создания высоконадёжных, малогабаритных, высокоплотных решений для выработки энергии, от солнечных панелей, устанавливаемых только на корпус, до тройных развёрнутых солнечных панелей. Они предназначены для установки в большинстве механизмов развёртывания CubeSat.	1500000	http://127.0.0.1:9000/lab1/5.jpg
6	Оптический датчик IM200	Универсальный интеллектуальный оптический датчик.	Наш универсальный интеллектуальный оптический сканер IM200 имеет разрешение 4 мегапикселя, высокоскоростной интерфейс передачи данных и различные варианты объективов. Адаптивный видеодатчик IM200 основан на платформе ST200 Star Tracker. Благодаря выделенному высокоскоростному интерфейсу USB2.0 IM200 может снимать 5 кадров в секунду в полном разрешении.	550000	http://127.0.0.1:9000/lab1/6.jpg
1	Процессорный узел бортового компьютера Xiphos Q7S	Решение для управления и передачи данных.	Q7S от AAC SpaceQuest, является новейшим представителем семейства Xiphos Q-Card — недорогих встраиваемых узлов для управления, обработки данных и интерфейсов. Это решение для управления и обработки данных было разработано для поддержки коммерческих проектов с ограниченным бюджетом, которым требуются надёжные и качественные решения. Благодаря небольшому размеру, малой массе и энергопотреблению решения Q7 идеально подходят для аэрокосмической отрасли.	2000000	http://127.0.0.1:9000/lab1/1.png
2	Аккумулятор CubeSat AAC Clyde Space OPTIMUS	Один из лучших аккумуляторов космических аппаратов.	Батареи CubeSat серии AAC Clyde Space OPTIMUS являются одними из самых часто используемых в космических аппаратах за всю историю. Тысячи таких батарей были отправлены в миссии по всему миру, и сотни из них находятся на орбите. Наша батарея обладает непревзойденными характеристиками на орбите. Наши батареи также оснащены встроенными функциями, такими как термостатируемые нагреватели и датчики. Сочетание параллельного подключения ячеек с электроникой защиты ячеек означает, что наши аккумуляторы CubeSat надёжны, устойчивы к внешним воздействиям и обладают внутренней избыточностью. Кроме того, использование защищённых параллельных цепочек позволяет нам легко и безопасно масштабировать аккумулятор в соответствии с различными требованиями к миссии.	900000	http://127.0.0.1:9000/lab1/2.jpg
4	Кольцевая антенна S-диапазона AC-2000	Наносателлитовая антенна с поляризацией.	Разработанная компанией AAC SpaceQuest наносателлитная антенна AC-2000 с поляризацией в S-диапазоне была спроектирована с учётом высокой производительности и простоты интеграции в систему.\r\nAC-2000 — это поворотная круговая поляризационная S-диапазонная антенна для микроспутников и небольших спутников. Благодаря небольшому размеру, малому профилю, прочной конструкции и высокой направленности она станет отличным дополнением к системе.\r\n\r\nЭта надёжная конструкция идеально подходит для приложений, в которых требуется высокая точность и малый угол возвышения. Это проверенное в реальных условиях коммерческое решение обеспечивает пропускную способность до 300 МГц и совместимо со стандартом наноспутников.	700000	http://127.0.0.1:9000/lab1/4.jpg
\.


--
-- Data for Name: lab1_app_mm; Type: TABLE DATA; Schema: public; Owner: user123
--

COPY public.lab1_app_mm (id, count, "idAssembly_id", "idComp_id") FROM stdin;
2	3	1	3
1	3	1	2
\.


--
-- Name: auth_group_id_seq; Type: SEQUENCE SET; Schema: public; Owner: user123
--

SELECT pg_catalog.setval('public.auth_group_id_seq', 1, false);


--
-- Name: auth_group_permissions_id_seq; Type: SEQUENCE SET; Schema: public; Owner: user123
--

SELECT pg_catalog.setval('public.auth_group_permissions_id_seq', 1, false);


--
-- Name: auth_permission_id_seq; Type: SEQUENCE SET; Schema: public; Owner: user123
--

SELECT pg_catalog.setval('public.auth_permission_id_seq', 36, true);


--
-- Name: auth_user_groups_id_seq; Type: SEQUENCE SET; Schema: public; Owner: user123
--

SELECT pg_catalog.setval('public.auth_user_groups_id_seq', 1, false);


--
-- Name: auth_user_id_seq; Type: SEQUENCE SET; Schema: public; Owner: user123
--

SELECT pg_catalog.setval('public.auth_user_id_seq', 1, true);


--
-- Name: auth_user_user_permissions_id_seq; Type: SEQUENCE SET; Schema: public; Owner: user123
--

SELECT pg_catalog.setval('public.auth_user_user_permissions_id_seq', 1, false);


--
-- Name: django_admin_log_id_seq; Type: SEQUENCE SET; Schema: public; Owner: user123
--

SELECT pg_catalog.setval('public.django_admin_log_id_seq', 13, true);


--
-- Name: django_content_type_id_seq; Type: SEQUENCE SET; Schema: public; Owner: user123
--

SELECT pg_catalog.setval('public.django_content_type_id_seq', 9, true);


--
-- Name: django_migrations_id_seq; Type: SEQUENCE SET; Schema: public; Owner: user123
--

SELECT pg_catalog.setval('public.django_migrations_id_seq', 20, true);


--
-- Name: auth_group auth_group_name_key; Type: CONSTRAINT; Schema: public; Owner: user123
--

ALTER TABLE ONLY public.auth_group
    ADD CONSTRAINT auth_group_name_key UNIQUE (name);


--
-- Name: auth_group_permissions auth_group_permissions_group_id_permission_id_0cd325b0_uniq; Type: CONSTRAINT; Schema: public; Owner: user123
--

ALTER TABLE ONLY public.auth_group_permissions
    ADD CONSTRAINT auth_group_permissions_group_id_permission_id_0cd325b0_uniq UNIQUE (group_id, permission_id);


--
-- Name: auth_group_permissions auth_group_permissions_pkey; Type: CONSTRAINT; Schema: public; Owner: user123
--

ALTER TABLE ONLY public.auth_group_permissions
    ADD CONSTRAINT auth_group_permissions_pkey PRIMARY KEY (id);


--
-- Name: auth_group auth_group_pkey; Type: CONSTRAINT; Schema: public; Owner: user123
--

ALTER TABLE ONLY public.auth_group
    ADD CONSTRAINT auth_group_pkey PRIMARY KEY (id);


--
-- Name: auth_permission auth_permission_content_type_id_codename_01ab375a_uniq; Type: CONSTRAINT; Schema: public; Owner: user123
--

ALTER TABLE ONLY public.auth_permission
    ADD CONSTRAINT auth_permission_content_type_id_codename_01ab375a_uniq UNIQUE (content_type_id, codename);


--
-- Name: auth_permission auth_permission_pkey; Type: CONSTRAINT; Schema: public; Owner: user123
--

ALTER TABLE ONLY public.auth_permission
    ADD CONSTRAINT auth_permission_pkey PRIMARY KEY (id);


--
-- Name: auth_user_groups auth_user_groups_pkey; Type: CONSTRAINT; Schema: public; Owner: user123
--

ALTER TABLE ONLY public.auth_user_groups
    ADD CONSTRAINT auth_user_groups_pkey PRIMARY KEY (id);


--
-- Name: auth_user_groups auth_user_groups_user_id_group_id_94350c0c_uniq; Type: CONSTRAINT; Schema: public; Owner: user123
--

ALTER TABLE ONLY public.auth_user_groups
    ADD CONSTRAINT auth_user_groups_user_id_group_id_94350c0c_uniq UNIQUE (user_id, group_id);


--
-- Name: auth_user auth_user_pkey; Type: CONSTRAINT; Schema: public; Owner: user123
--

ALTER TABLE ONLY public.auth_user
    ADD CONSTRAINT auth_user_pkey PRIMARY KEY (id);


--
-- Name: auth_user_user_permissions auth_user_user_permissions_pkey; Type: CONSTRAINT; Schema: public; Owner: user123
--

ALTER TABLE ONLY public.auth_user_user_permissions
    ADD CONSTRAINT auth_user_user_permissions_pkey PRIMARY KEY (id);


--
-- Name: auth_user_user_permissions auth_user_user_permissions_user_id_permission_id_14a6b632_uniq; Type: CONSTRAINT; Schema: public; Owner: user123
--

ALTER TABLE ONLY public.auth_user_user_permissions
    ADD CONSTRAINT auth_user_user_permissions_user_id_permission_id_14a6b632_uniq UNIQUE (user_id, permission_id);


--
-- Name: auth_user auth_user_username_key; Type: CONSTRAINT; Schema: public; Owner: user123
--

ALTER TABLE ONLY public.auth_user
    ADD CONSTRAINT auth_user_username_key UNIQUE (username);


--
-- Name: django_admin_log django_admin_log_pkey; Type: CONSTRAINT; Schema: public; Owner: user123
--

ALTER TABLE ONLY public.django_admin_log
    ADD CONSTRAINT django_admin_log_pkey PRIMARY KEY (id);


--
-- Name: django_content_type django_content_type_app_label_model_76bd3d3b_uniq; Type: CONSTRAINT; Schema: public; Owner: user123
--

ALTER TABLE ONLY public.django_content_type
    ADD CONSTRAINT django_content_type_app_label_model_76bd3d3b_uniq UNIQUE (app_label, model);


--
-- Name: django_content_type django_content_type_pkey; Type: CONSTRAINT; Schema: public; Owner: user123
--

ALTER TABLE ONLY public.django_content_type
    ADD CONSTRAINT django_content_type_pkey PRIMARY KEY (id);


--
-- Name: django_migrations django_migrations_pkey; Type: CONSTRAINT; Schema: public; Owner: user123
--

ALTER TABLE ONLY public.django_migrations
    ADD CONSTRAINT django_migrations_pkey PRIMARY KEY (id);


--
-- Name: django_session django_session_pkey; Type: CONSTRAINT; Schema: public; Owner: user123
--

ALTER TABLE ONLY public.django_session
    ADD CONSTRAINT django_session_pkey PRIMARY KEY (session_key);


--
-- Name: lab1_app_assembly lab1_app_assembly_pkey; Type: CONSTRAINT; Schema: public; Owner: user123
--

ALTER TABLE ONLY public.lab1_app_assembly
    ADD CONSTRAINT lab1_app_assembly_pkey PRIMARY KEY (id);


--
-- Name: lab1_app_component lab1_app_component_pkey; Type: CONSTRAINT; Schema: public; Owner: user123
--

ALTER TABLE ONLY public.lab1_app_component
    ADD CONSTRAINT lab1_app_component_pkey PRIMARY KEY (id);


--
-- Name: lab1_app_mm lab1_app_mm_idComp_id_idAssembly_id_f15bef09_uniq; Type: CONSTRAINT; Schema: public; Owner: user123
--

ALTER TABLE ONLY public.lab1_app_mm
    ADD CONSTRAINT "lab1_app_mm_idComp_id_idAssembly_id_f15bef09_uniq" UNIQUE ("idComp_id", "idAssembly_id");


--
-- Name: lab1_app_mm lab1_app_mm_pkey; Type: CONSTRAINT; Schema: public; Owner: user123
--

ALTER TABLE ONLY public.lab1_app_mm
    ADD CONSTRAINT lab1_app_mm_pkey PRIMARY KEY (id);


--
-- Name: auth_group_name_a6ea08ec_like; Type: INDEX; Schema: public; Owner: user123
--

CREATE INDEX auth_group_name_a6ea08ec_like ON public.auth_group USING btree (name varchar_pattern_ops);


--
-- Name: auth_group_permissions_group_id_b120cbf9; Type: INDEX; Schema: public; Owner: user123
--

CREATE INDEX auth_group_permissions_group_id_b120cbf9 ON public.auth_group_permissions USING btree (group_id);


--
-- Name: auth_group_permissions_permission_id_84c5c92e; Type: INDEX; Schema: public; Owner: user123
--

CREATE INDEX auth_group_permissions_permission_id_84c5c92e ON public.auth_group_permissions USING btree (permission_id);


--
-- Name: auth_permission_content_type_id_2f476e4b; Type: INDEX; Schema: public; Owner: user123
--

CREATE INDEX auth_permission_content_type_id_2f476e4b ON public.auth_permission USING btree (content_type_id);


--
-- Name: auth_user_groups_group_id_97559544; Type: INDEX; Schema: public; Owner: user123
--

CREATE INDEX auth_user_groups_group_id_97559544 ON public.auth_user_groups USING btree (group_id);


--
-- Name: auth_user_groups_user_id_6a12ed8b; Type: INDEX; Schema: public; Owner: user123
--

CREATE INDEX auth_user_groups_user_id_6a12ed8b ON public.auth_user_groups USING btree (user_id);


--
-- Name: auth_user_user_permissions_permission_id_1fbb5f2c; Type: INDEX; Schema: public; Owner: user123
--

CREATE INDEX auth_user_user_permissions_permission_id_1fbb5f2c ON public.auth_user_user_permissions USING btree (permission_id);


--
-- Name: auth_user_user_permissions_user_id_a95ead1b; Type: INDEX; Schema: public; Owner: user123
--

CREATE INDEX auth_user_user_permissions_user_id_a95ead1b ON public.auth_user_user_permissions USING btree (user_id);


--
-- Name: auth_user_username_6821ab7c_like; Type: INDEX; Schema: public; Owner: user123
--

CREATE INDEX auth_user_username_6821ab7c_like ON public.auth_user USING btree (username varchar_pattern_ops);


--
-- Name: django_admin_log_content_type_id_c4bce8eb; Type: INDEX; Schema: public; Owner: user123
--

CREATE INDEX django_admin_log_content_type_id_c4bce8eb ON public.django_admin_log USING btree (content_type_id);


--
-- Name: django_admin_log_user_id_c564eba6; Type: INDEX; Schema: public; Owner: user123
--

CREATE INDEX django_admin_log_user_id_c564eba6 ON public.django_admin_log USING btree (user_id);


--
-- Name: django_session_expire_date_a5c62663; Type: INDEX; Schema: public; Owner: user123
--

CREATE INDEX django_session_expire_date_a5c62663 ON public.django_session USING btree (expire_date);


--
-- Name: django_session_session_key_c0390e0f_like; Type: INDEX; Schema: public; Owner: user123
--

CREATE INDEX django_session_session_key_c0390e0f_like ON public.django_session USING btree (session_key varchar_pattern_ops);


--
-- Name: lab1_app_assembly_creator_id_a3b08f7e; Type: INDEX; Schema: public; Owner: user123
--

CREATE INDEX lab1_app_assembly_creator_id_a3b08f7e ON public.lab1_app_assembly USING btree (creator_id);


--
-- Name: lab1_app_assembly_moder_id_2e931310; Type: INDEX; Schema: public; Owner: user123
--

CREATE INDEX lab1_app_assembly_moder_id_2e931310 ON public.lab1_app_assembly USING btree (moder_id);


--
-- Name: lab1_app_mm_idAssembly_id_da443a5b; Type: INDEX; Schema: public; Owner: user123
--

CREATE INDEX "lab1_app_mm_idAssembly_id_da443a5b" ON public.lab1_app_mm USING btree ("idAssembly_id");


--
-- Name: lab1_app_mm_idComp_id_d33423f1; Type: INDEX; Schema: public; Owner: user123
--

CREATE INDEX "lab1_app_mm_idComp_id_d33423f1" ON public.lab1_app_mm USING btree ("idComp_id");


--
-- Name: auth_group_permissions auth_group_permissio_permission_id_84c5c92e_fk_auth_perm; Type: FK CONSTRAINT; Schema: public; Owner: user123
--

ALTER TABLE ONLY public.auth_group_permissions
    ADD CONSTRAINT auth_group_permissio_permission_id_84c5c92e_fk_auth_perm FOREIGN KEY (permission_id) REFERENCES public.auth_permission(id) DEFERRABLE INITIALLY DEFERRED;


--
-- Name: auth_group_permissions auth_group_permissions_group_id_b120cbf9_fk_auth_group_id; Type: FK CONSTRAINT; Schema: public; Owner: user123
--

ALTER TABLE ONLY public.auth_group_permissions
    ADD CONSTRAINT auth_group_permissions_group_id_b120cbf9_fk_auth_group_id FOREIGN KEY (group_id) REFERENCES public.auth_group(id) DEFERRABLE INITIALLY DEFERRED;


--
-- Name: auth_permission auth_permission_content_type_id_2f476e4b_fk_django_co; Type: FK CONSTRAINT; Schema: public; Owner: user123
--

ALTER TABLE ONLY public.auth_permission
    ADD CONSTRAINT auth_permission_content_type_id_2f476e4b_fk_django_co FOREIGN KEY (content_type_id) REFERENCES public.django_content_type(id) DEFERRABLE INITIALLY DEFERRED;


--
-- Name: auth_user_groups auth_user_groups_group_id_97559544_fk_auth_group_id; Type: FK CONSTRAINT; Schema: public; Owner: user123
--

ALTER TABLE ONLY public.auth_user_groups
    ADD CONSTRAINT auth_user_groups_group_id_97559544_fk_auth_group_id FOREIGN KEY (group_id) REFERENCES public.auth_group(id) DEFERRABLE INITIALLY DEFERRED;


--
-- Name: auth_user_groups auth_user_groups_user_id_6a12ed8b_fk_auth_user_id; Type: FK CONSTRAINT; Schema: public; Owner: user123
--

ALTER TABLE ONLY public.auth_user_groups
    ADD CONSTRAINT auth_user_groups_user_id_6a12ed8b_fk_auth_user_id FOREIGN KEY (user_id) REFERENCES public.auth_user(id) DEFERRABLE INITIALLY DEFERRED;


--
-- Name: auth_user_user_permissions auth_user_user_permi_permission_id_1fbb5f2c_fk_auth_perm; Type: FK CONSTRAINT; Schema: public; Owner: user123
--

ALTER TABLE ONLY public.auth_user_user_permissions
    ADD CONSTRAINT auth_user_user_permi_permission_id_1fbb5f2c_fk_auth_perm FOREIGN KEY (permission_id) REFERENCES public.auth_permission(id) DEFERRABLE INITIALLY DEFERRED;


--
-- Name: auth_user_user_permissions auth_user_user_permissions_user_id_a95ead1b_fk_auth_user_id; Type: FK CONSTRAINT; Schema: public; Owner: user123
--

ALTER TABLE ONLY public.auth_user_user_permissions
    ADD CONSTRAINT auth_user_user_permissions_user_id_a95ead1b_fk_auth_user_id FOREIGN KEY (user_id) REFERENCES public.auth_user(id) DEFERRABLE INITIALLY DEFERRED;


--
-- Name: django_admin_log django_admin_log_content_type_id_c4bce8eb_fk_django_co; Type: FK CONSTRAINT; Schema: public; Owner: user123
--

ALTER TABLE ONLY public.django_admin_log
    ADD CONSTRAINT django_admin_log_content_type_id_c4bce8eb_fk_django_co FOREIGN KEY (content_type_id) REFERENCES public.django_content_type(id) DEFERRABLE INITIALLY DEFERRED;


--
-- Name: django_admin_log django_admin_log_user_id_c564eba6_fk_auth_user_id; Type: FK CONSTRAINT; Schema: public; Owner: user123
--

ALTER TABLE ONLY public.django_admin_log
    ADD CONSTRAINT django_admin_log_user_id_c564eba6_fk_auth_user_id FOREIGN KEY (user_id) REFERENCES public.auth_user(id) DEFERRABLE INITIALLY DEFERRED;


--
-- Name: lab1_app_assembly lab1_app_assembly_creator_id_a3b08f7e_fk_auth_user_id; Type: FK CONSTRAINT; Schema: public; Owner: user123
--

ALTER TABLE ONLY public.lab1_app_assembly
    ADD CONSTRAINT lab1_app_assembly_creator_id_a3b08f7e_fk_auth_user_id FOREIGN KEY (creator_id) REFERENCES public.auth_user(id) DEFERRABLE INITIALLY DEFERRED;


--
-- Name: lab1_app_assembly lab1_app_assembly_moder_id_2e931310_fk_auth_user_id; Type: FK CONSTRAINT; Schema: public; Owner: user123
--

ALTER TABLE ONLY public.lab1_app_assembly
    ADD CONSTRAINT lab1_app_assembly_moder_id_2e931310_fk_auth_user_id FOREIGN KEY (moder_id) REFERENCES public.auth_user(id) DEFERRABLE INITIALLY DEFERRED;


--
-- Name: lab1_app_mm lab1_app_mm_idAssembly_id_da443a5b_fk_lab1_app_assembly_id; Type: FK CONSTRAINT; Schema: public; Owner: user123
--

ALTER TABLE ONLY public.lab1_app_mm
    ADD CONSTRAINT "lab1_app_mm_idAssembly_id_da443a5b_fk_lab1_app_assembly_id" FOREIGN KEY ("idAssembly_id") REFERENCES public.lab1_app_assembly(id) DEFERRABLE INITIALLY DEFERRED;


--
-- Name: lab1_app_mm lab1_app_mm_idComp_id_d33423f1_fk_lab1_app_component_id; Type: FK CONSTRAINT; Schema: public; Owner: user123
--

ALTER TABLE ONLY public.lab1_app_mm
    ADD CONSTRAINT "lab1_app_mm_idComp_id_d33423f1_fk_lab1_app_component_id" FOREIGN KEY ("idComp_id") REFERENCES public.lab1_app_component(id) DEFERRABLE INITIALLY DEFERRED;


--
-- Name: SCHEMA public; Type: ACL; Schema: -; Owner: user123
--

REVOKE USAGE ON SCHEMA public FROM PUBLIC;
GRANT ALL ON SCHEMA public TO PUBLIC;


--
-- PostgreSQL database dump complete
--

